url,label
https://www.google.com,0
https://www.amazon.in,0
https://www.wikipedia.org,0
https://www.github.com,0
https://www.microsoft.com,0
https://www.apple.com,0
https://www.facebook.com,0
https://www.instagram.com,0
https://www.linkedin.com,0
https://www.netflix.com,0
https://www.flipkart.com,0
https://www.paytm.com,0
https://www.onlinesbi.sbi,0
https://www.icicibank.com,0
https://www.hdfcbank.com,0
https://www.axisbank.com,0
https://www.yesbank.in,0
https://www.ndtv.com,0
https://www.bbc.com,0
https://www.stackoverflow.com,0
https://www.reddit.com,0
https://www.quora.com,0
https://www.medium.com,0
https://www.adobe.com,0
https://www.canva.com,0
https://www.zoom.us,0
https://www.dropbox.com,0
https://www.spotify.com,0
https://www.tesla.com,0
https://www.nasa.gov,0
https://www.ibm.com,0
https://www.oracle.com,0
https://www.intel.com,0
https://www.hp.com,0
https://www.dell.com,0
https://www.samsung.com,0
https://www.mi.com,0
https://www.realme.com,0
https://www.oneplus.com,0
https://www.kotak.com,0
https://www.moneycontrol.com,0
https://www.irctc.co.in,0
https://www.airindia.com,0
https://www.goindigo.in,0
https://www.zomato.com,0
https://www.swiggy.com,0
https://www.udemy.com,0
https://www.coursera.org,0
https://www.edx.org,0
http://192.168.1.1/login,1
http://paypal-login-secure.com,1
http://secure-amazon-login.xyz,1
http://verify-bank-account-now.com,1
http://update-your-account-info.net,1
http://login-facebook-security-check.com,1
http://apple-id-verification-alert.com,1
http://google-account-recovery-help.com,1
http://bank-login-verification.xyz,1
http://free-gift-card-offer.click,1
http://confirm-paytm-account-update.com,1
http://secure-flipkart-offers.xyz,1
http://netflix-account-verify.com,1
http://amazon-security-update-alert.com,1
http://login-instagram-verify.ga,1
http://update-bank-details-now.com,1
http://verify-your-account-immediately.com,1
http://secure-login-hdfc-bank.xyz,1
http://icici-bank-login-update.net,1
http://axisbank-secure-login-alert.com,1
https://bit.ly/3xyzabc,1
https://tinyurl.com/secure-login,1
https://accounts.google.com.fake-site.com,1
https://login.microsoftonline.com.fakeverify.net,1
https://secure.paytm.com.verify-user.xyz,1
https://amazon.in.login-update-account.com,1
https://facebook.com.verify-security-alert.net,1
https://instagram.com.security-check-login.xyz,1
https://netflix.com.account-update-alert.info,1
https://linkedin.com.verify-profile-now.xyz,1
https://github.com.secure-login-update.net,1
https://dropbox.com.file-share-login.xyz,1
https://secure-login123.com,1
https://verify-account-update.net,1
https://account-security-alert.xyz,1
https://login-update-confirmation.com,1
https://example..com,1
https://faceb00k.com,1
https://g00gle-login.com,1
https://amaz0n-security-check.net,1
https://paytm-secure-login-update.com,1
http://https-login-secure.com,1
http://google.com@malicious-site.com,1
http://secure-login.com//verify,1
http://login.secure%00bank.com,1
http://bank.com-login-security.com,1
http://update@secure-bank-login.com,1
https://accounts.google.com.secure-login.verify-user-update.com,1
https://login.microsoftonline.com.security-check.session-verification.co.in,1
https://secure.icici.bank.verify-user.in,1
https://support.amazon.in.login-update-account.com,1
https://axisbank.co.in.verify-login-alert.net,1
https://verylongurlwithlotsofkeywords-login-secure-update-user-account.com,1
https://secure-login-update-account-verification-alert.com,1
https://important-security-notice-login-update.xyz,1
https://user-account-verification-required-now.com,1
https://urgent-bank-account-update-required.com,1
https://www.aceec.ac.in/,0
https:// www.go0gle.com,1